ano,país,valor_fob_usd
2015,Afeganistão,6706901
2015,Albânia,36546211
2015,Alemanha,5177952550
2015,Andorra,152825
2015,Angola,645230155
2015,Anguilla,716610
2015,Antilhas Holandesas,532637898
2015,Antígua e Barbuda,6019469
2015,Argentina,12793412815
2015,Argélia,992882604
2015,Armênia,20844202
2015,Aruba,30301263
2015,Arábia Saudita,2750066382
2015,Austrália,400163472
2015,Azerbaijão,25940482
2015,Bahamas,593539486
2015,Bangladesh,1147400136
2015,Barbados,16405325
2015,Barein,309106623
2015,Belarus,11970035
2015,Belize,7559875
2015,Benin,109898815
2015,Bermudas,1877206
2015,Bolívia,1481873074
2015,Botsuana,3822357
2015,Brunei,1346483
2015,Bulgária,117910940
2015,Burkina Faso,893158
2015,Burundi,115392
2015,Butão,4465
2015,Bélgica,2989323071
2015,Bósnia-Herzegovina,924707
2015,Cabo Verde,21324068
2015,Camarões,67369143
2015,Camboja,3394426
2015,Canadá,2362290119
2015,"Canal, Ilhas do (Guernsey)",22289
2015,"Canárias, Ilhas",28515674
2015,Catar,356953936
2015,"Cayman, Ilhas",56099815
2015,Cazaquistão,8107355
2015,Chade,1188659
2015,Chile,3977939847
2015,China,35155353691
2015,Chipre,9271686
2015,"Cocos (Keeling), Ilhas",43
2015,Colômbia,2113831723
2015,Comores,869352
2015,Congo,66795578
2015,"Congo, República Democrática",41960194
2015,"Cook, Ilhas",12558
2015,Coreia do Norte,2482040
2015,Coreia do Sul,3122050219
2015,Costa Rica,267420069
2015,Costa do Marfim,47049758
2015,Coveite (Kuweit),239389928
2015,Croácia,78607504
2015,Cuba,513507613
2015,Curaçao,19063
2015,Dinamarca,321894260
2015,Djibuti,14339864
2015,Dominica,2711670
2015,Egito,2055849447
2015,El Salvador,106196907
2015,Emirados Árabes Unidos,2503154435
2015,Equador,664883582
2015,Eritreia,1280226
2015,Eslováquia,21272614
2015,Eslovênia,380791103
2015,Espanha,2942939740
2015,Estados Unidos,24037439900
2015,Estônia,32767888
2015,Etiópia,21962083
2015,Falkland (Malvinas),111864
2015,"Faroe, Ilhas",55893
2015,Fiji,1031909
2015,Filipinas,728529762
2015,Finlândia,269320136
2015,França,2245249903
2015,Gabão,36458808
2015,Gana,182986567
2015,Geórgia,194406000
2015,Gibraltar,147857
2015,Granada,7689899
2015,Groenlândia,8913
2015,Grécia,117019918
2015,Guadalupe,8760671
2015,Guam,102542
2015,Guatemala,224310403
2015,Guiana,21874361
2015,Guiana Francesa,5800440
2015,Guiné,53888774
2015,Guiné Equatorial,25190992
2015,Guiné-Bissau,2885872
2015,Gâmbia,78989961
2015,Haiti,37735305
2015,Honduras,102248023
2015,Hong Kong,2099027357
2015,Hungria,239038298
2015,Ilha de Man,8692326
2015,Indonésia,2180349131
2015,Iraque,306583030
2015,Irlanda,383422698
2015,Irã,1666185295
2015,Islândia,292864900
2015,Israel,380547461
2015,Itália,3269828953
2015,Iêmen,214301925
2015,Jamaica,59242027
2015,Japão,4843041529
2015,"Johnston, Ilhas",2113
2015,Jordânia,241856606
2015,Kiribati,34099
2015,Laos,205573
2015,"Lebuan, Ilhas",16127
2015,Lesoto,14111
2015,Letônia,26581190
2015,Libéria,26412010
2015,Liechtenstein,23455724
2015,Lituânia,52102571
2015,Luxemburgo,36379805
2015,Líbano,286388214
2015,Líbia,147870040
2015,Macau,497029
2015,Macedônia,17715776
2015,Madagascar,22734199
2015,Malavi,1157224
2015,Maldivas,12407998
2015,Mali,7977850
2015,Malta,15425875
2015,Malásia,1829607184
2015,"Marianas do Norte, Ilhas",76
2015,Marrocos,494263366
2015,"Marshall, Ilhas",11610227
2015,Martinica,7109132
2015,Mauritânia,141696324
2015,Maurício,39921529
2015,Mianmar,40138331
2015,Micronésia,211771
2015,"Midway, Ilhas",88
2015,Moldávia,2093183
2015,Mongólia,1194527
2015,Montenegro,21474075
2015,Montserrat,6026
2015,Moçambique,69099529
2015,México,3585817584
2015,Mônaco,260018
2015,Namíbia,7020710
2015,Nepal,831958
2015,Nicarágua,94036913
2015,Nigéria,688375846
2015,Niue,253680
2015,Noruega,678810171
2015,Nova Caledônia,6222863
2015,Nova Zelândia,64200352
2015,Níger,754681
2015,Omã,583887937
2015,"Pacífico, Ilhas do (EUA)",187625
2015,Palestina,47004018
2015,Panamá,304702628
2015,Papua Nova Guiné,3335192
2015,Paquistão,297853140
2015,Paraguai,2473259309
2015,Países Baixos (Holanda),7818909467
2015,Peru,1815220905
2015,Pitcairn,362
2015,Polinésia Francesa,975891
2015,Polônia,494901520
2015,Porto Rico,135836596
2015,Portugal,819914320
2015,Provisão de Navios e Aeronaves,2419263396
2015,Quirguistão,2889667
2015,Quênia,60559246
2015,Reino Unido,2906889380
2015,República Centro-Africana,1737356
2015,República Dominicana,522840211
2015,Reunião,2918296
2015,Romênia,242329934
2015,Ruanda,698475
2015,Rússia,2463242914
2015,"Salomão, Ilhas",324501
2015,Samoa,375494
2015,Samoa Americana,40679
2015,San Marino,8337
2015,Santa Helena,4603
2015,Santa Lúcia,672825717
2015,Seicheles,7708524
2015,Senegal,131900123
2015,Serra Leoa,45749022
2015,Singapura,1354767255
2015,Sint Maarten,41009
2015,Somália,36870683
2015,Sri Lanka,116652976
2015,Suazilândia,360871
2015,Sudão,23370347
2015,Sudão do Sul,692002
2015,Suriname,38426458
2015,Suécia,503456766
2015,Suíça,1065426071
2015,São Bartolomeu,2047
2015,São Cristóvão e Névis,3277384
2015,São Tomé e Príncipe,881964
2015,São Vicente e Granadinas,3285101
2015,Sérvia,33197080
2015,Síria,69452197
2015,Tadjiquistão,2741947
2015,Tailândia,1746082501
2015,Taiwan (Formosa),1574078988
2015,Tanzânia,16779350
2015,"Tcheca, República",26071991
2015,Timor Leste,6228732
2015,Togo,67857031
2015,Tonga,868648
2015,Trinidad e Tobago,266543199
2015,Tunísia,302968833
2015,"Turcas e Caicos, Ilhas",3341907
2015,Turcomenistão,2747288
2015,Turquia,1335347495
2015,Ucrânia,84450926
2015,Uganda,5967203
2015,Uruguai,2726537719
2015,Uzbequistão,9912679
2015,Vanuatu,220889
2015,Venezuela,2954318802
2015,Vietnã,2123972982
2015,"Virgens, Ilhas (Americanas)",177698
2015,"Virgens, Ilhas (Britânicas)",15561494
2015,Zimbábue,11178157
2015,Zâmbia,5334118
2015,África do Sul,1353281612
2015,Áustria,139100372
2015,Índia,3617195206
2016,Afeganistão,8782814
2016,"Aland, Ilhas",1054
2016,Albânia,39335464
2016,Alemanha,4860766756
2016,Andorra,80493
2016,Angola,539731115
2016,Anguilla,737652
2016,Antilhas Holandesas,134280755
2016,Antígua e Barbuda,6709390
2016,Argentina,13417339572
2016,Argélia,1063292078
2016,Armênia,38577532
2016,Aruba,64710695
2016,Arábia Saudita,2487253111
2016,Austrália,419793787
2016,Azerbaijão,11105651
2016,Bahamas,334943730
2016,Bangladesh,1091413782
2016,Barbados,13353329
2016,Barein,260020877
2016,Belarus,10362353
2016,Belize,5072509
2016,Benin,71094635
2016,Bermudas,1734200
2016,Bolívia,1428155433
2016,"Bonaire, Saint Eustatius e Saba",463677
2016,Botsuana,4042805
2016,Brunei,592149
2016,Bulgária,102503736
2016,Burkina Faso,1262032
2016,Burundi,77481
2016,Butão,154447
2016,Bélgica,3232960330
2016,Bósnia-Herzegovina,1196567
2016,Cabo Verde,19740798
2016,Camarões,42167149
2016,Camboja,5942577
2016,Canadá,2365967102
2016,"Canal, Ilhas do (Guernsey)",3258
2016,"Canárias, Ilhas",25417672
2016,Catar,378007009
2016,"Cayman, Ilhas",157473067
2016,Cazaquistão,2187026
2016,Chade,1996531
2016,Chile,4080526602
2016,China,35133314867
2016,Chipre,24154132
2016,"Cocos (Keeling), Ilhas",2180
2016,Colômbia,2231079816
2016,Comores,1912333
2016,Congo,31029109
2016,"Congo, República Democrática",41429818
2016,Coreia do Norte,2051942
2016,Coreia do Sul,2881006714
2016,Costa Rica,301611817
2016,Costa do Marfim,47031871
2016,Coveite (Kuweit),197832516
2016,Croácia,98264010
2016,Cuba,321439180
2016,Curaçao,4643376
2016,Dinamarca,244615433
2016,Djibuti,89588601
2016,Dominica,3128927
2016,Egito,1772017724
2016,El Salvador,87560356
2016,Emirados Árabes Unidos,2235068415
2016,Equador,653583444
2016,Eritreia,22447176
2016,Eslováquia,23320130
2016,Eslovênia,428003821
2016,Espanha,2604249965
2016,Estados Unidos,23155033824
2016,Estônia,57074396
2016,Etiópia,13647333
2016,"Faroe, Ilhas",27516
2016,Fiji,1070553
2016,Filipinas,436271310
2016,Finlândia,281195237
2016,França,2307750041
2016,Gabão,27515360
2016,Gana,213415083
2016,Geórgia,242861365
2016,Gibraltar,211461
2016,Granada,7639732
2016,Groenlândia,35580
2016,Grécia,126230657
2016,Guadalupe,10026647
2016,Guam,329656
2016,Guatemala,194928772
2016,Guiana,25823415
2016,Guiana Francesa,3970451
2016,Guiné,35426276
2016,Guiné Equatorial,19649255
2016,Guiné-Bissau,2410816
2016,Gâmbia,82097988
2016,Haiti,39706403
2016,Honduras,100952897
2016,Hong Kong,2261480735
2016,Hungria,197729211
2016,Ilha de Man,27375692
2016,Indonésia,2204403944
2016,Iraque,455498922
2016,Irlanda,216759198
2016,Irã,2232512050
2016,Islândia,82166949
2016,Israel,424961925
2016,Itália,3321622069
2016,Iêmen,384358666
2016,Jamaica,58210728
2016,Japão,4604146067
2016,"Johnston, Ilhas",7983
2016,Jordânia,184161132
2016,Kiribati,173953
2016,Laos,695348
2016,"Lebuan, Ilhas",24603
2016,Lesoto,494418
2016,Letônia,20739576
2016,Libéria,26168793
2016,Liechtenstein,320302
2016,Lituânia,31577949
2016,Luxemburgo,10959314
2016,Líbano,280434353
2016,Líbia,141496151
2016,Macau,312829
2016,Macedônia,16591724
2016,Madagascar,30391831
2016,Malavi,429493
2016,Maldivas,14342926
2016,Mali,48144190
2016,Malta,14018208
2016,Malásia,1842180468
2016,Marrocos,488509327
2016,"Marshall, Ilhas",2655525
2016,Martinica,9316534
2016,Mauritânia,119896798
2016,Maurício,34710638
2016,Mianmar,185185078
2016,Micronésia,223684
2016,Moldávia,2351492
2016,Mongólia,1973496
2016,Montenegro,25654840
2016,Montserrat,77499
2016,Moçambique,50564774
2016,México,3813037793
2016,Mônaco,303891
2016,Namíbia,24012634
2016,Nauru,4029
2016,Nepal,1130671
2016,Nicarágua,103475688
2016,Nigéria,731352631
2016,Niue,132943
2016,Noruega,728529340
2016,Nova Caledônia,5170575
2016,Nova Zelândia,96784854
2016,Níger,484929
2016,Omã,492356482
2016,"Pacífico, Ilhas do (EUA)",221676
2016,Palau,1093744
2016,Palestina,27894419
2016,Panamá,308604535
2016,Papua Nova Guiné,2839170
2016,Paquistão,433362449
2016,Paraguai,2220841458
2016,Países Baixos (Holanda),6954511332
2016,Peru,1948437570
2016,Polinésia Francesa,1207579
2016,Polônia,427732756
2016,Porto Rico,118223630
2016,Portugal,654463848
2016,Provisão de Navios e Aeronaves,1731498659
2016,Quirguistão,2309384
2016,Quênia,58927299
2016,Reino Unido,2841337556
2016,República Centro-Africana,6198178
2016,República Dominicana,580259646
2016,Reunião,3266097
2016,Romênia,214586424
2016,Ruanda,947796
2016,Rússia,2299894613
2016,"Salomão, Ilhas",110161
2016,Samoa,678266
2016,Samoa Americana,52205
2016,San Marino,56134
2016,Santa Helena,16140
2016,Santa Lúcia,366785254
2016,Seicheles,9758965
2016,Senegal,86360764
2016,Serra Leoa,24262267
2016,Singapura,1301983286
2016,Sint Maarten,370198
2016,Somália,81423742
2016,Sri Lanka,160832526
2016,Suazilândia,1698535
2016,Sudão,30414563
2016,Sudão do Sul,665278
2016,Suriname,26667793
2016,Suécia,514496043
2016,Suíça,849806184
2016,São Bartolomeu,362188
2016,São Cristóvão e Névis,2941060
2016,São Tomé e Príncipe,1158233
2016,São Vicente e Granadinas,2054436
2016,Sérvia,39924009
2016,Síria,105826308
2016,Tadjiquistão,3047271
2016,Tailândia,1714704337
2016,Taiwan (Formosa),1445014104
2016,Tanzânia,17981631
2016,"Tcheca, República",35475500
2016,Timor Leste,6627312
2016,Togo,58997349
2016,Tonga,880677
2016,Toquelau,288263
2016,Trinidad e Tobago,188160322
2016,Tunísia,197235586
2016,"Turcas e Caicos, Ilhas",503895
2016,Turcomenistão,519378
2016,Turquia,1446118810
2016,Tuvalu,2338
2016,Ucrânia,101057661
2016,Uganda,3977380
2016,Uruguai,2743829463
2016,Uzbequistão,13546336
2016,Vanuatu,74476
2016,Venezuela,1280704652
2016,Vietnã,1398745712
2016,"Virgens, Ilhas (Americanas)",25454872
2016,"Virgens, Ilhas (Britânicas)",87819453
2016,"Wallis e Futuna, Ilhas",6525
2016,Zimbábue,2645592
2016,Zâmbia,8765788
2016,África do Sul,1397021495
2016,Áustria,88317821
2016,Índia,3161432097
2017,Afeganistão,9276428
2017,"Aland, Ilhas",21179
2017,Albânia,44788847
2017,Alemanha,4911018150
2017,Andorra,100953
2017,Angola,670449108
2017,Anguilla,789937
2017,Antilhas Holandesas,45761588
2017,Antígua e Barbuda,7707353
2017,Argentina,17618822550
2017,Argélia,1186019580
2017,Armênia,24595621
2017,Aruba,49825083
2017,Arábia Saudita,2656719990
2017,Austrália,464718498
2017,Azerbaijão,71094961
2017,Bahamas,261896894
2017,Bangladesh,1600077989
2017,Barbados,12189463
2017,Barein,339418254
2017,Belarus,12422996
2017,Belize,6109200
2017,Benin,130784522
2017,Bermudas,1580373
2017,Bolívia,1506169139
2017,"Bonaire, Saint Eustatius e Saba",408119
2017,Botsuana,1089463
2017,Brunei,744137
2017,Bulgária,116278249
2017,Burkina Faso,9895083
2017,Burundi,100779
2017,Butão,93853
2017,Bélgica,3174543312
2017,Bósnia-Herzegovina,1102830
2017,Cabo Verde,22749046
2017,Camarões,93465655
2017,Camboja,6221807
2017,Canadá,2719391044
2017,"Canal, Ilhas do (Guernsey)",1133
2017,"Canárias, Ilhas",26362000
2017,Catar,420284697
2017,"Cayman, Ilhas",241520592
2017,Cazaquistão,4931899
2017,Chade,784535
2017,Chile,5031366706
2017,China,47488449966
2017,Chipre,51728431
2017,"Cocos (Keeling), Ilhas",82200
2017,Colômbia,2507787228
2017,Comores,2649479
2017,Congo,18343565
2017,"Congo, República Democrática",38517175
2017,"Cook, Ilhas",1752
2017,Coreia do Norte,1173596
2017,Coreia do Sul,3077014473
2017,Costa Rica,277706595
2017,Costa do Marfim,54778914
2017,Coveite (Kuweit),222542487
2017,Croácia,75716034
2017,Cuba,346324736
2017,Curaçao,6488604
2017,Dinamarca,317730373
2017,Djibuti,62185393
2017,Dominica,3152758
2017,Egito,2417986425
2017,El Salvador,120202427
2017,Emirados Árabes Unidos,2508052810
2017,Equador,836680780
2017,Eritreia,15357610
2017,Eslováquia,24672945
2017,Eslovênia,399871440
2017,Espanha,3813820988
2017,Estados Unidos,26872491075
2017,Estônia,95945429
2017,Etiópia,30259497
2017,Fiji,1186673
2017,Filipinas,443475461
2017,Finlândia,290087547
2017,França,2224352728
2017,Gabão,26353058
2017,Gana,212434251
2017,Geórgia,194129886
2017,Gibraltar,326776
2017,Granada,8421350
2017,Groenlândia,355
2017,Grécia,108187656
2017,Guadalupe,7455181
2017,Guam,318224
2017,Guatemala,266616434
2017,Guiana,33561015
2017,Guiana Francesa,4334618
2017,Guiné,55943342
2017,Guiné Equatorial,11709643
2017,Guiné-Bissau,3740149
2017,Gâmbia,90635596
2017,Haiti,68059645
2017,Honduras,116150420
2017,Hong Kong,2682541516
2017,Hungria,181701805
2017,Ilha de Man,83637
2017,Indonésia,1771944232
2017,Iraque,810748752
2017,Irlanda,324040681
2017,Irã,2559657029
2017,Islândia,234072443
2017,Israel,466008970
2017,Itália,3561003430
2017,Iêmen,403724936
2017,Jamaica,73619134
2017,Japão,5261210829
2017,"Johnston, Ilhas",15517
2017,Jordânia,223603360
2017,Kiribati,67264
2017,Laos,1563379
2017,"Lebuan, Ilhas",177
2017,Lesoto,1410972
2017,Letônia,13027384
2017,Libéria,25854204
2017,Liechtenstein,86330
2017,Lituânia,43043389
2017,Luxemburgo,31114740
2017,Líbano,263496004
2017,Líbia,160898034
2017,Macau,2265929
2017,Macedônia,18992826
2017,Madagascar,63053194
2017,Malavi,629764
2017,Maldivas,15216186
2017,Mali,7083850
2017,Malta,13685188
2017,Malásia,2489584954
2017,Marrocos,615049530
2017,"Marshall, Ilhas",3099326
2017,Martinica,9741061
2017,Mauritânia,101987075
2017,Maurício,67063697
2017,Mianmar,144758633
2017,Micronésia,67787
2017,Moldávia,5016132
2017,Mongólia,5516094
2017,Montenegro,17523750
2017,Montserrat,133396
2017,Moçambique,29954084
2017,México,4514104147
2017,Mônaco,668463
2017,Namíbia,11107837
2017,Nepal,2760344
2017,Nicarágua,113893142
2017,Nigéria,737142642
2017,Niue,426355
2017,Noruega,774261122
2017,Nova Caledônia,7122378
2017,Nova Zelândia,83522748
2017,Níger,790219
2017,Omã,695096189
2017,"Pacífico, Ilhas do (EUA)",235633
2017,Palau,214
2017,Palestina,27360420
2017,Panamá,632979140
2017,Papua Nova Guiné,3067663
2017,Paquistão,605230542
2017,Paraguai,2646222649
2017,Países Baixos (Holanda),7416917751
2017,Peru,2245333952
2017,Pitcairn,51833
2017,Polinésia Francesa,821805
2017,Polônia,595854141
2017,Porto Rico,173043469
2017,Portugal,1432617571
2017,Provisão de Navios e Aeronaves,2239924162
2017,Quirguistão,1070666
2017,Quênia,169500498
2017,Reino Unido,2844192661
2017,República Centro-Africana,1014507
2017,República Dominicana,588458694
2017,Reunião,3374785
2017,Romênia,302932858
2017,Ruanda,770222
2017,Rússia,2736531853
2017,"Salomão, Ilhas",86082
2017,Samoa,720535
2017,Samoa Americana,165034
2017,San Marino,390820
2017,Santa Helena,21843
2017,Santa Lúcia,446890981
2017,Seicheles,9461708
2017,Senegal,133459937
2017,Serra Leoa,41632762
2017,Singapura,1830865904
2017,Sint Maarten,1066984
2017,Somália,69658942
2017,Sri Lanka,66211590
2017,Suazilândia,795697
2017,Sudão,42084695
2017,Sudão do Sul,192130
2017,Suriname,34766489
2017,Suécia,466252542
2017,Suíça,792397263
2017,São Bartolomeu,460844
2017,São Cristóvão e Névis,3919571
2017,São Tomé e Príncipe,1838341
2017,São Vicente e Granadinas,1575909
2017,Sérvia,40804011
2017,Síria,74565270
2017,Tadjiquistão,4385514
2017,Tailândia,1788585499
2017,Taiwan (Formosa),1834796732
2017,Tanzânia,29844744
2017,"Tcheca, República",70697614
2017,Timor Leste,10690736
2017,Togo,96860648
2017,Tonga,1183707
2017,Trinidad e Tobago,205204788
2017,Tunísia,286617501
2017,"Turcas e Caicos, Ilhas",638927
2017,Turcomenistão,1782593
2017,Turquia,1820277137
2017,Tuvalu,28350
2017,Ucrânia,129462620
2017,Uganda,5148848
2017,Uruguai,2348121791
2017,Uzbequistão,5291883
2017,Vanuatu,176192
2017,Vaticano,6154
2017,Venezuela,469654975
2017,Vietnã,1732642449
2017,"Virgens, Ilhas (Americanas)",102037012
2017,"Virgens, Ilhas (Britânicas)",4021047
2017,"Wallis e Futuna, Ilhas",29317
2017,Zimbábue,3465735
2017,Zâmbia,9242662
2017,África do Sul,1509611624
2017,Áustria,127729207
2017,Índia,4657327590
2018,Afeganistão,16994642
2018,"Aland, Ilhas",47519
2018,Albânia,58757571
2018,Alemanha,5206384657
2018,Andorra,382357
2018,Angola,457457187
2018,Anguilla,641873
2018,Antilhas Holandesas,4557712
2018,Antártica,443812
2018,Antígua e Barbuda,16161624
2018,Argentina,14912622709
2018,Argélia,1007572019
2018,Armênia,26341618
2018,Aruba,23175529
2018,Arábia Saudita,2100132300
2018,Austrália,469972056
2018,Azerbaijão,71773599
2018,Bahamas,119199356
2018,Bangladesh,1157998140
2018,Barbados,13806082
2018,Barein,417798816
2018,Belarus,100445378
2018,Belize,6563408
2018,Benin,145297611
2018,Bermudas,2908376
2018,Bolívia,1452665628
2018,"Bonaire, Saint Eustatius e Saba",1244198
2018,Botsuana,983344
2018,"Bouvet, Ilha",1028
2018,Brasil,67064
2018,Brunei,909010
2018,Bulgária,344513537
2018,Burkina Faso,10941342
2018,Burundi,42029
2018,Bélgica,3197702813
2018,Bósnia-Herzegovina,986215
2018,Cabo Verde,18120992
2018,Camarões,68048284
2018,Camboja,8645477
2018,Canadá,3353111436
2018,"Canárias, Ilhas",3475830
2018,Catar,267644808
2018,"Cayman, Ilhas",181649573
2018,Cazaquistão,35737961
2018,Chade,1390196
2018,Chile,6393547598
2018,China,63929563241
2018,Chipre,266243662
2018,"Christmas (Navidad), Ilha",3400
2018,Colômbia,2802244302
2018,Comores,3944968
2018,Congo,21983854
2018,"Congo, República Democrática",38226754
2018,"Cook, Ilhas",323760
2018,Coreia do Norte,5315852
2018,Coreia do Sul,3439019735
2018,Costa Rica,474113188
2018,Costa do Marfim,66048836
2018,Coveite (Kuweit),226812520
2018,Croácia,102938735
2018,Cuba,342286948
2018,Curaçao,20472841
2018,Dinamarca,293212336
2018,Djibuti,22121414
2018,Dominica,3966146
2018,Egito,2132662929
2018,El Salvador,101276348
2018,Emirados Árabes Unidos,2040345632
2018,Equador,904655795
2018,Eritreia,63636
2018,Eslováquia,30737463
2018,Eslovênia,503414037
2018,Espanha,5134474054
2018,Estados Unidos,28697187835
2018,Estônia,32064225
2018,Etiópia,25792370
2018,Falkland (Malvinas),1189448
2018,"Faroe, Ilhas",11247
2018,Fiji,1394618
2018,Filipinas,661987056
2018,Finlândia,241895499
2018,França,2619712208
2018,Gabão,33535258
2018,Gana,151812342
2018,Geórgia,203379182
2018,Gibraltar,24369780
2018,Granada,8949267
2018,Groenlândia,30875
2018,Grécia,173455143
2018,Guadalupe,8442419
2018,Guam,902056
2018,Guatemala,226896903
2018,Guernsey,7382
2018,Guiana,40266144
2018,Guiana Francesa,8855434
2018,Guiné,41813665
2018,Guiné Equatorial,10672181
2018,Guiné-Bissau,4807526
2018,Gâmbia,89160621
2018,Haiti,46232504
2018,Honduras,114882351
2018,Hong Kong,2678780137
2018,Hungria,108753835
2018,Ilha de Man,22572195
2018,Indonésia,1476563241
2018,Iraque,589125765
2018,Irlanda,455316108
2018,Irã,2258521335
2018,Islândia,163757138
2018,Israel,320910555
2018,Itália,3554477181
2018,Iêmen,250791635
2018,Jamaica,73433737
2018,Japão,4321411289
2018,Jersey,59104
2018,Jordânia,263744396
2018,Kiribati,56855
2018,Laos,2780634
2018,Lesoto,13499
2018,Letônia,48224701
2018,Libéria,138497498
2018,Liechtenstein,6615515
2018,Lituânia,20703219
2018,Luxemburgo,33791717
2018,Líbano,270825255
2018,Líbia,227639851
2018,Macau,71487613
2018,Macedônia,17409348
2018,Madagascar,19085893
2018,Malavi,747314
2018,Maldivas,15168499
2018,Mali,11540881
2018,Malta,68876535
2018,Malásia,2017818306
2018,"Marianas do Norte, Ilhas",13215
2018,Marrocos,484272192
2018,"Marshall, Ilhas",128255749
2018,Martinica,5453526
2018,Mauritânia,44212899
2018,Maurício,12543293
2018,Mayotte,2689967
2018,Mianmar,39260187
2018,Micronésia,148262
2018,Moldávia,12610827
2018,Mongólia,4254589
2018,Montenegro,12996566
2018,Montserrat,66066
2018,Moçambique,26241400
2018,México,4504798201
2018,Mônaco,366871
2018,Namíbia,6608584
2018,Nauru,56130
2018,Nepal,2330144
2018,Nicarágua,94553330
2018,Nigéria,667505817
2018,Niue,383458
2018,"Norfolk, Ilha",327667
2018,Noruega,800583632
2018,Nova Caledônia,6680438
2018,Nova Zelândia,76992654
2018,Níger,27641488
2018,Omã,674410852
2018,"Pacífico, Ilhas do (EUA)",244868
2018,Palau,162925
2018,Palestina,28933273
2018,Panamá,626601629
2018,Papua Nova Guiné,2754544
2018,Paquistão,471711839
2018,Paraguai,2912317162
2018,Países Baixos (Holanda),8229965989
2018,Peru,2155179824
2018,Pitcairn,243980
2018,Polinésia Francesa,1009650
2018,Polônia,857083623
2018,Porto Rico,358974023
2018,Portugal,1453753997
2018,Provisão de Navios e Aeronaves,1838215990
2018,Quirguistão,97699
2018,Quênia,75664759
2018,Reino Unido,2986771419
2018,República Centro-Africana,1068832
2018,República Dominicana,698372342
2018,Reunião,4140839
2018,Romênia,386991376
2018,Ruanda,393202
2018,Rússia,1654847021
2018,Saara Ocidental,2
2018,"Salomão, Ilhas",174034
2018,Samoa,588425
2018,Samoa Americana,213413
2018,San Marino,128690
2018,Santa Helena,12238
2018,Santa Lúcia,410755040
2018,Seicheles,6738696
2018,Senegal,105692472
2018,Serra Leoa,38090838
2018,Singapura,2334344693
2018,Sint Maarten,5362077
2018,Somália,60740620
2018,Sri Lanka,20045461
2018,Suazilândia,358891
2018,Sudão,16657169
2018,Sudão do Sul,428399
2018,Suriname,34491677
2018,Suécia,605308676
2018,Suíça,810834194
2018,São Bartolomeu,1630359
2018,São Cristóvão e Névis,3127210
2018,"São Martinho, Ilha de (parte francesa)",250673
2018,São Tomé e Príncipe,2325861
2018,São Vicente e Granadinas,2262971
2018,Sérvia,36385215
2018,Síria,58938424
2018,Tadjiquistão,7249749
2018,Tailândia,1884967650
2018,Taiwan (Formosa),1116479152
2018,Tanzânia,18802957
2018,"Tcheca, República",84213004
2018,Terras Austrais Francesas,12186
2018,Território Britânico do Oceano Índico,19474
2018,Timor Leste,7939051
2018,Togo,79113012
2018,Tonga,1175649
2018,Toquelau,231
2018,Trinidad e Tobago,246991061
2018,Tunísia,284773848
2018,"Turcas e Caicos, Ilhas",19862021
2018,Turcomenistão,19473347
2018,Turquia,2369855788
2018,Tuvalu,911815
2018,Ucrânia,118550903
2018,Uganda,6796882
2018,Uruguai,3007628361
2018,Uzbequistão,38166159
2018,Vanuatu,560076
2018,Venezuela,575591142
2018,Vietnã,1934062414
2018,"Virgens, Ilhas (Americanas)",37013546
2018,"Virgens, Ilhas (Britânicas)",29082554
2018,"Wallis e Futuna, Ilhas",87064
2018,Zimbábue,7546959
2018,Zâmbia,7243308
2018,África do Sul,1362466344
2018,Áustria,211757937
2018,Índia,3908941505
2019,Afeganistão,32459656
2019,"Aland, Ilhas",99
2019,Albânia,58385706
2019,Alemanha,4731500358
2019,Andorra,2043442
2019,Angola,444778475
2019,Anguilla,1095657
2019,Antártica,102519
2019,Antígua e Barbuda,24811141
2019,Argentina,9791499854
2019,Argélia,1032260192
2019,Armênia,22852609
2019,Aruba,23965172
2019,Arábia Saudita,2027558592
2019,Austrália,456627908
2019,Azerbaijão,12114983
2019,Bahamas,175177990
2019,Bangladesh,1317931343
2019,Barbados,16773388
2019,Barein,676973182
2019,Belarus,138162965
2019,Belize,7211598
2019,Benin,98986576
2019,Bermudas,4988530
2019,Bolívia,1411089484
2019,"Bonaire, Saint Eustatius e Saba",21149079
2019,Botsuana,1677290
2019,Brasil,6820385
2019,Brunei,1927114
2019,Bulgária,132078618
2019,Burkina Faso,7306465
2019,Burundi,208937
2019,Butão,18782
2019,Bélgica,3202968826
2019,Bósnia-Herzegovina,1498048
2019,Cabo Verde,24777490
2019,Camarões,35032215
2019,Camboja,19184179
2019,Canadá,3381608345
2019,Catar,486191902
2019,"Cayman, Ilhas",22092882
2019,Cazaquistão,113586422
2019,Chade,1998470
2019,Chile,5162888571
2019,China,63357523149
2019,Chipre,74505154
2019,"Christmas (Navidad), Ilha",47373
2019,Colômbia,3100315233
2019,Comores,5098155
2019,Congo,22248977
2019,"Congo, República Democrática",50467715
2019,"Cook, Ilhas",1212
2019,Coreia do Norte,19883533
2019,Coreia do Sul,3449684548
2019,Costa Rica,287684758
2019,Costa do Marfim,61019740
2019,Coveite (Kuweit),212254429
2019,Croácia,90115008
2019,Cuba,266842045
2019,Curaçao,25916427
2019,Dinamarca,298691332
2019,Djibuti,6664449
2019,Dominica,4459105
2019,Egito,1831260799
2019,El Salvador,101080384
2019,Emirados Árabes Unidos,2250172962
2019,Equador,832811941
2019,Eritreia,237907
2019,Eslováquia,42939210
2019,Eslovênia,302362505
2019,Espanha,4042567717
2019,Estados Unidos,29715896624
2019,Estônia,18373466
2019,Etiópia,7975791
2019,Falkland (Malvinas),94395
2019,"Faroe, Ilhas",6771
2019,Fiji,1050823
2019,Filipinas,654993055
2019,Finlândia,208608503
2019,França,2609361806
2019,Gabão,37790687
2019,Gana,130639847
2019,Geórgia,184619263
2019,Gibraltar,2178115
2019,Granada,10149227
2019,Groenlândia,2670
2019,Grécia,172818518
2019,Guadalupe,6278783
2019,Guam,427124
2019,Guatemala,285500902
2019,Guernsey,8195
2019,Guiana,46903728
2019,Guiana Francesa,12048245
2019,Guiné,49955592
2019,Guiné Equatorial,9496894
2019,Guiné-Bissau,4189551
2019,Gâmbia,79005575
2019,Haiti,40626096
2019,Honduras,108012409
2019,Hong Kong,2436134607
2019,Hungria,69563163
2019,Ilha de Man,11319028
2019,Indonésia,1709890590
2019,Iraque,657551786
2019,Irlanda,250272441
2019,Irã,2192351146
2019,Islândia,117749562
2019,Israel,371831611
2019,Itália,3149263671
2019,Iêmen,338522817
2019,Jamaica,75198664
2019,Japão,5431771362
2019,Jersey,3638
2019,Jordânia,333738385
2019,Kiribati,288752
2019,Laos,1632091
2019,Lesoto,1052
2019,Letônia,75362276
2019,Libéria,257316865
2019,Liechtenstein,8819113
2019,Lituânia,23829259
2019,Luxemburgo,136567314
2019,Líbano,240457106
2019,Líbia,281386049
2019,Macau,46338924
2019,Macedônia,16060555
2019,Madagascar,25674683
2019,Malavi,1278621
2019,Maldivas,16075540
2019,Mali,16439089
2019,Malta,139229195
2019,Malásia,2827949256
2019,"Marianas do Norte, Ilhas",270
2019,Marrocos,469414824
2019,"Marshall, Ilhas",215798363
2019,Martinica,5304319
2019,Mauritânia,112549950
2019,Maurício,40173077
2019,Mayotte,3822121
2019,Mianmar,55455815
2019,Micronésia,87134
2019,Moldávia,9451948
2019,Mongólia,4387035
2019,Montenegro,14748595
2019,Montserrat,103589
2019,Moçambique,35102159
2019,México,4898470809
2019,Mônaco,52703
2019,Namíbia,8773007
2019,Nauru,37721
2019,Nepal,2380250
2019,Nicarágua,69502546
2019,Nigéria,593710770
2019,"Norfolk, Ilha",721875
2019,Noruega,1068341199
2019,Nova Caledônia,10297102
2019,Nova Zelândia,71938923
2019,Níger,24576049
2019,Omã,939292437
2019,"Pacífico, Ilhas do (EUA)",167886
2019,Palau,162284
2019,Palestina,22560357
2019,Panamá,523402308
2019,Papua Nova Guiné,3323344
2019,Paquistão,587418219
2019,Paraguai,2479932573
2019,Países Baixos (Holanda),7159159102
2019,Peru,2216016093
2019,Pitcairn,195477
2019,Polinésia Francesa,3753688
2019,Polônia,850303321
2019,Porto Rico,142604680
2019,Portugal,1165119273
2019,Provisão de Navios e Aeronaves,7665446
2019,Quirguistão,33698
2019,Quênia,57119106
2019,Reino Unido,2959985145
2019,República Centro-Africana,3107948
2019,República Dominicana,679737672
2019,Reunião,4169030
2019,Romênia,331461033
2019,Ruanda,535221
2019,Rússia,1618719276
2019,Saara Ocidental,21574
2019,"Salomão, Ilhas",45315
2019,Samoa,995094
2019,Samoa Americana,666670
2019,San Marino,66200
2019,Santa Helena,1060944
2019,Santa Lúcia,55825919
2019,Seicheles,6470449
2019,Senegal,135418988
2019,Serra Leoa,40275956
2019,Singapura,2880574445
2019,Sint Maarten,7553908
2019,Somália,20455922
2019,Sri Lanka,21249052
2019,Suazilândia,127170
2019,Sudão,17267949
2019,Sudão do Sul,1808570
2019,Suriname,35594956
2019,Suécia,439218404
2019,Suíça,1243568092
2019,São Bartolomeu,2309260
2019,São Cristóvão e Névis,3379999
2019,"São Martinho, Ilha de (parte francesa)",1341683
2019,São Tomé e Príncipe,3229926
2019,São Vicente e Granadinas,1998115
2019,Sérvia,30593637
2019,Síria,62919162
2019,Tadjiquistão,206113
2019,Tailândia,1666603457
2019,Taiwan (Formosa),1507984858
2019,Tanzânia,16258592
2019,"Tcheca, República",90674680
2019,Terras Austrais Francesas,10613
2019,Território Britânico do Oceano Índico,1166
2019,Timor Leste,6708953
2019,Togo,48979890
2019,Tonga,1000047
2019,Trinidad e Tobago,219228674
2019,Tunísia,218775552
2019,"Turcas e Caicos, Ilhas",10628917
2019,Turcomenistão,7701535
2019,Turquia,2163756705
2019,Tuvalu,739034
2019,Ucrânia,111042425
2019,Uganda,6743614
2019,Uruguai,2477727460
2019,Uzbequistão,27737502
2019,Vanuatu,1168499
2019,Venezuela,420534410
2019,Vietnã,2029669319
2019,"Virgens, Ilhas (Americanas)",1525614
2019,"Virgens, Ilhas (Britânicas)",13126226
2019,"Wallis e Futuna, Ilhas",502691
2019,Zimbábue,3805057
2019,Zâmbia,4444012
2019,África do Sul,1132155198
2019,Áustria,149434862
2019,Índia,2776645771
2020,Afeganistão,37429851
2020,"Aland, Ilhas",1203
2020,Albânia,48692818
2020,Alemanha,4123730396
2020,Andorra,202004
2020,Angola,350318260
2020,Anguilla,611760
2020,Antártica,3108194
2020,Antígua e Barbuda,23076869
2020,Argentina,8488738068
2020,Argélia,1180063642
2020,Armênia,27030789
2020,Aruba,28908881
2020,Arábia Saudita,1886920066
2020,Austrália,466879251
2020,Azerbaijão,9347772
2020,Bahamas,172103863
2020,Bangladesh,1525172756
2020,Barbados,11622811
2020,Barein,673805509
2020,Belarus,56169635
2020,Belize,6501915
2020,Benin,127398501
2020,Bermudas,4486310
2020,Bolívia,1025144926
2020,"Bonaire, Saint Eustatius e Saba",2839950
2020,Botsuana,2490746
2020,Brasil,6654157
2020,Brunei,748224
2020,Bulgária,84222821
2020,Burkina Faso,5689354
2020,Burundi,698
2020,Butão,386
2020,Bélgica,2640428982
2020,Bósnia-Herzegovina,1520218
2020,Cabo Verde,24861644
2020,Camarões,41932179
2020,Camboja,21802344
2020,Canadá,4229943109
2020,Catar,271399147
2020,"Cayman, Ilhas",55543855
2020,Cazaquistão,9364590
2020,Chade,2402992
2020,Chile,3849842523
2020,China,67788075211
2020,Chipre,56680188
2020,"Christmas (Navidad), Ilha",48593
2020,Colômbia,2290911934
2020,Comores,6516579
2020,Congo,73500144
2020,"Congo, República Democrática",80589602
2020,"Cook, Ilhas",389903
2020,Coreia do Norte,92641
2020,Coreia do Sul,3762436944
2020,Costa Rica,244195942
2020,Costa do Marfim,80882443
2020,Coveite (Kuweit),183898936
2020,Croácia,57913674
2020,Cuba,209301226
2020,Curaçao,25580789
2020,Dinamarca,271635876
2020,Djibuti,17823886
2020,Dominica,2742069
2020,Egito,1754031562
2020,El Salvador,85167449
2020,Emirados Árabes Unidos,2056784949
2020,Equador,599398129
2020,Eritreia,4679733
2020,Eslováquia,24125325
2020,Eslovênia,314038861
2020,Espanha,4056872702
2020,Estados Unidos,21471033994
2020,Estônia,19799738
2020,Etiópia,11566684
2020,Falkland (Malvinas),13567
2020,"Faroe, Ilhas",202515
2020,Fiji,802621
2020,Filipinas,834787687
2020,Finlândia,293926726
2020,França,1983797405
2020,Gabão,29490419
2020,Gana,198413535
2020,Geórgia,203930858
2020,Gibraltar,1582825
2020,Granada,8106637
2020,Groenlândia,484721
2020,Grécia,197798638
2020,Guadalupe,6361115
2020,Guam,620940
2020,Guatemala,256070608
2020,Guernsey,30
2020,Guiana,41053785
2020,Guiana Francesa,7732081
2020,Guiné,88481080
2020,Guiné Equatorial,44844316
2020,Guiné-Bissau,3459273
2020,Gâmbia,120041744
2020,Haiti,57319552
2020,"Heard e ilhas mcdonald, Ilha",8312
2020,Honduras,103274579
2020,Hong Kong,2327228013
2020,Hungria,53535443
2020,Ilha de Man,6630332
2020,Indonésia,2146532853
2020,Iraque,557261577
2020,Irlanda,199336595
2020,Irã,1156565756
2020,Islândia,273225963
2020,Israel,428907820
2020,Itália,3054874823
2020,Iêmen,364489608
2020,Jamaica,206461408
2020,Japão,4127277226
2020,Jersey,11695
2020,Jordânia,243705893
2020,Kiribati,36253236
2020,Laos,968894
2020,Lesoto,4975
2020,Letônia,23463248
2020,Libéria,223333294
2020,Liechtenstein,6078679
2020,Lituânia,26746412
2020,Luxemburgo,50425681
2020,Líbano,157053113
2020,Líbia,166445228
2020,Macau,5338708
2020,Macedônia,10803179
2020,Madagascar,38025204
2020,Malavi,2723307
2020,Maldivas,9586953
2020,Mali,3659451
2020,Malta,108785689
2020,Malásia,3202748367
2020,"Marianas do Norte, Ilhas",51679
2020,Marrocos,666012089
2020,"Marshall, Ilhas",207639150
2020,Martinica,7025917
2020,Mauritânia,98154407
2020,Maurício,22531919
2020,Mayotte,5189791
2020,Mianmar,40230828
2020,Micronésia,67135
2020,Moldávia,6873537
2020,Mongólia,2421372
2020,Montenegro,15539852
2020,Montserrat,162024
2020,Moçambique,33506659
2020,México,3829385290
2020,Mônaco,74404
2020,Namíbia,6441626
2020,Nauru,9767
2020,Nepal,3422199
2020,Nicarágua,62683457
2020,Nigéria,586017154
2020,Niue,95926
2020,"Norfolk, Ilha",39182
2020,Noruega,908485453
2020,Nova Caledônia,5773717
2020,Nova Zelândia,80940993
2020,Níger,1703668
2020,Omã,737319150
2020,"Pacífico, Ilhas do (EUA)",846562
2020,Palau,3997
2020,Palestina,26794037
2020,Panamá,428305007
2020,Papua Nova Guiné,4519909
2020,Paquistão,978871827
2020,Paraguai,2152550659
2020,Países Baixos (Holanda),6704999994
2020,Peru,1659787430
2020,Polinésia Francesa,1891528
2020,Polônia,825947732
2020,Porto Rico,144682251
2020,Portugal,1634232076
2020,Quirguistão,609566
2020,Quênia,46061811
2020,Reino Unido,2537601737
2020,República Centro-Africana,3749514
2020,República Dominicana,454211447
2020,Reunião,3929752
2020,Romênia,287738602
2020,Ruanda,422352
2020,Rússia,1523729890
2020,Saara Ocidental,48570
2020,"Salomão, Ilhas",108620
2020,Samoa,1161342
2020,Samoa Americana,1557339
2020,San Marino,70533
2020,Santa Helena,135310
2020,Santa Lúcia,39175225
2020,Seicheles,6220244
2020,Senegal,175860458
2020,Serra Leoa,55984197
2020,Singapura,3670976850
2020,Sint Maarten,6801871
2020,Somália,75033809
2020,Sri Lanka,18269982
2020,Suazilândia,49397
2020,Sudão,26825644
2020,Sudão do Sul,4135550
2020,Suriname,31376040
2020,Suécia,381063783
2020,Suíça,1358513039
2020,São Bartolomeu,1950037
2020,São Cristóvão e Névis,2947999
2020,"São Martinho, Ilha de (parte francesa)",1502548
2020,São Pedro e Miquelon,593
2020,São Tomé e Príncipe,3083209
2020,São Vicente e Granadinas,1948634
2020,Sérvia,23949304
2020,Síria,51757336
2020,Tadjiquistão,197363
2020,Tailândia,2000203570
2020,Taiwan (Formosa),1264906143
2020,Tanzânia,22640097
2020,"Tcheca, República",44459279
2020,Terras Austrais Francesas,233231
2020,Território Britânico do Oceano Índico,594455
2020,Timor Leste,7075706
2020,Togo,97287877
2020,Tonga,576323
2020,Toquelau,1035959
2020,Trinidad e Tobago,214409487
2020,Tunísia,234214215
2020,"Turcas e Caicos, Ilhas",923980
2020,Turcomenistão,32485494
2020,Turquia,2764624246
2020,Tuvalu,659967
2020,Ucrânia,137195801
2020,Uganda,8567310
2020,Uruguai,1761682541
2020,Uzbequistão,44748845
2020,Vanuatu,193102
2020,Vaticano,5597
2020,Venezuela,782121639
2020,Vietnã,2264223048
2020,"Virgens, Ilhas (Americanas)",2980609
2020,"Virgens, Ilhas (Britânicas)",25702600
2020,"Wallis e Futuna, Ilhas",56314
2020,Zimbábue,4047222
2020,Zâmbia,3565675
2020,África do Sul,989028874
2020,Áustria,114092877
2020,Índia,2884744854
2021,Afeganistão,15834475
2021,"Aland, Ilhas",132
2021,Albânia,59496349
2021,Alemanha,5042729163
2021,Andorra,144410
2021,Angola,407978405
2021,Anguilla,998735
2021,Antártica,646617
2021,Antígua e Barbuda,34198287
2021,Argentina,11878463042
2021,Argélia,1518387137
2021,Armênia,9273315
2021,Aruba,26608599
2021,Arábia Saudita,2070484616
2021,Austrália,560620002
2021,Azerbaijão,11091986
2021,Bahamas,290409854
2021,Bangladesh,1824425117
2021,Barbados,20419193
2021,Barein,1905161265
2021,Belarus,16308508
2021,Belize,6917992
2021,Benin,99635920
2021,Bermudas,3370047
2021,Bolívia,1522067118
2021,"Bonaire, Saint Eustatius e Saba",71939275
2021,Botsuana,1349586
2021,"Bouvet, Ilha",44487
2021,Brasil,1666599
2021,Brunei,1123301
2021,Bulgária,216475663
2021,Burkina Faso,4332375
2021,Burundi,252073
2021,Butão,200524
2021,Bélgica,3373762571
2021,Bósnia-Herzegovina,930192
2021,Cabo Verde,22933555
2021,Camarões,67467619
2021,Camboja,28086654
2021,Canadá,4922330196
2021,Catar,284262967
2021,"Cayman, Ilhas",9680236
2021,Cazaquistão,12527558
2021,Chade,3212258
2021,Chile,7018693189
2021,China,87907887856
2021,Chipre,66532646
2021,"Christmas (Navidad), Ilha",34000
2021,"Cocos (Keeling), Ilhas",38
2021,Colômbia,3346823307
2021,Comores,5854721
2021,Congo,60586895
2021,"Congo, República Democrática",124926820
2021,"Cook, Ilhas",584541
2021,Coreia do Sul,5670844906
2021,Costa Rica,325562081
2021,Costa do Marfim,159877329
2021,Coveite (Kuweit),193662830
2021,Croácia,72411259
2021,Cuba,180163486
2021,Curaçao,35297861
2021,Dinamarca,326554382
2021,Djibuti,9204713
2021,Dominica,3976259
2021,Egito,2013901584
2021,El Salvador,102481369
2021,Emirados Árabes Unidos,2327313250
2021,Equador,895392093
2021,Eritreia,4820837
2021,Eslováquia,20657319
2021,Eslovênia,423899124
2021,Espanha,5433174458
2021,Estados Unidos,31145209269
2021,Estônia,22241696
2021,Etiópia,11752367
2021,Falkland (Malvinas),72794
2021,"Faroe, Ilhas",155865
2021,Fiji,999157
2021,Filipinas,1372550105
2021,Finlândia,391642565
2021,França,2496906114
2021,Gabão,27259906
2021,Gana,318834722
2021,Geórgia,366891206
2021,Gibraltar,9726955
2021,Granada,10982438
2021,Grécia,223608975
2021,Guadalupe,6094484
2021,Guam,645970
2021,Guatemala,352850327
2021,Guernsey,1239
2021,Guiana,111746287
2021,Guiana Francesa,7062160
2021,Guiné,83549873
2021,Guiné Equatorial,16170330
2021,Guiné-Bissau,2031036
2021,Gâmbia,107492061
2021,Haiti,66410879
2021,Honduras,158931440
2021,Hong Kong,2015212465
2021,Hungria,61795997
2021,Ilha de Man,12024199
2021,Indonésia,2044218977
2021,Iraque,398601509
2021,Irlanda,145001064
2021,Irã,1940973801
2021,Islândia,319040005
2021,Israel,597929632
2021,Itália,3861445326
2021,Iêmen,269456993
2021,Jamaica,171631481
2021,Japão,5539499830
2021,Jersey,14499
2021,Jordânia,293913280
2021,Kiribati,211937
2021,Laos,304025
2021,Lesoto,50131
2021,Letônia,30554212
2021,Libéria,356526696
2021,Liechtenstein,6130855
2021,Lituânia,24351808
2021,Luxemburgo,64173025
2021,Líbano,156751304
2021,Líbia,313404080
2021,Macau,20464821
2021,Macedônia,17323596
2021,Madagascar,42791397
2021,Malavi,3532044
2021,Maldivas,19861791
2021,Mali,8867726
2021,Malta,135798078
2021,Malásia,4674679712
2021,"Marianas do Norte, Ilhas",68192
2021,Marrocos,565413256
2021,"Marshall, Ilhas",294879203
2021,Martinica,5182960
2021,Mauritânia,84503526
2021,Maurício,53176390
2021,Mayotte,3461977
2021,Mianmar,76964629
2021,Micronésia,280075
2021,Moldávia,5603715
2021,Mongólia,1134828
2021,Montenegro,13411952
2021,Montserrat,256919
2021,Moçambique,28827195
2021,México,5560486888
2021,Mônaco,57947
2021,Namíbia,10423142
2021,Nauru,317362
2021,Nepal,4110113
2021,Nicarágua,99140783
2021,Nigéria,929679645
2021,Niue,1605
2021,"Norfolk, Ilha",707702
2021,Noruega,1206160655
2021,Nova Caledônia,7226924
2021,Nova Zelândia,83452659
2021,Níger,2751359
2021,Omã,1545899106
2021,"Pacífico, Ilhas do (EUA)",2254403
2021,Palau,300656
2021,Palestina,43457241
2021,Panamá,650553200
2021,Papua Nova Guiné,2985409
2021,Paquistão,1209283681
2021,Paraguai,3041354534
2021,Países Baixos (Holanda),9316019600
2021,Peru,3074356673
2021,Pitcairn,37819
2021,Polinésia Francesa,7070682
2021,Polônia,902531089
2021,Porto Rico,191076427
2021,Portugal,2634648032
2021,Quirguistão,716305
2021,Quênia,59881251
2021,Reino Unido,3074722632
2021,República Centro-Africana,3904523
2021,República Dominicana,581170654
2021,Reunião,5203916
2021,Romênia,327143316
2021,Ruanda,889849
2021,Rússia,1587205423
2021,"Salomão, Ilhas",128669
2021,Samoa,1204975
2021,Samoa Americana,1840235
2021,San Marino,87640
2021,Santa Lúcia,182400202
2021,Seicheles,8374425
2021,Senegal,145358769
2021,Serra Leoa,42686939
2021,Singapura,5820713782
2021,Sint Maarten,10032183
2021,Somália,61375407
2021,Sri Lanka,20250581
2021,Suazilândia,393191
2021,Sudão,22252852
2021,Sudão do Sul,4818831
2021,Suriname,38536838
2021,Suécia,754891817
2021,Suíça,2026920832
2021,São Bartolomeu,1184288
2021,São Cristóvão e Névis,4088191
2021,"São Martinho, Ilha de (parte francesa)",398786
2021,São Pedro e Miquelon,259939
2021,São Tomé e Príncipe,3050736
2021,São Vicente e Granadinas,5904885
2021,Sérvia,33865223
2021,Síria,46071037
2021,Tadjiquistão,95362
2021,Tailândia,2691694352
2021,Taiwan (Formosa),1366695189
2021,Tanzânia,30549143
2021,"Tcheca, República",53406852
2021,Terras Austrais Francesas,205400
2021,Timor Leste,10710112
2021,Togo,100194421
2021,Tonga,1492864
2021,Toquelau,29510
2021,Trinidad e Tobago,319616353
2021,Tunísia,303023068
2021,"Turcas e Caicos, Ilhas",1465634
2021,Turcomenistão,61621864
2021,Turquia,3158206063
2021,Tuvalu,2101
2021,Ucrânia,226830618
2021,Uganda,10193786
2021,Uruguai,2070259941
2021,Uzbequistão,118053359
2021,Vanuatu,1402662
2021,Venezuela,1085988997
2021,Vietnã,2619901660
2021,"Virgens, Ilhas (Americanas)",1230123
2021,"Virgens, Ilhas (Britânicas)",7470347
2021,"Wallis e Futuna, Ilhas",9118
2021,Zimbábue,10328780
2021,Zâmbia,4512714
2021,África do Sul,1186757417
2021,Áustria,98448318
2021,Índia,4799018415
2022,Afeganistão,2751417
2022,"Aland, Ilhas",2368
2022,Albânia,90501023
2022,Alemanha,6269326305
2022,Andorra,38049
2022,Angola,640321765
2022,Anguilla,937232
2022,Antártica,307904
2022,Antígua e Barbuda,57307383
2022,Argentina,15344651930
2022,Argélia,1917776167
2022,Armênia,9670326
2022,Aruba,39212494
2022,Arábia Saudita,2914703978
2022,Austrália,732783993
2022,Azerbaijão,30707242
2022,Bahamas,322407850
2022,Bangladesh,2352030735
2022,Barbados,32204522
2022,Barein,1415140540
2022,Belarus,6595664
2022,Belize,13929463
2022,Benin,78413786
2022,Bermudas,5687413
2022,Bolívia,1832686782
2022,"Bonaire, Saint Eustatius e Saba",77175320
2022,Botsuana,1824836
2022,"Bouvet, Ilha",218
2022,Brasil,143938341
2022,Brunei,854748
2022,Bulgária,323078771
2022,Burkina Faso,6943562
2022,Burundi,6483
2022,Butão,1762189
2022,Bélgica,4375810308
2022,Bósnia-Herzegovina,2618971
2022,Cabo Verde,30591105
2022,Camarões,126113765
2022,Camboja,31373125
2022,Canadá,5396844717
2022,Catar,411241720
2022,"Cayman, Ilhas",10871707
2022,Cazaquistão,27258020
2022,Chade,5647410
2022,Chile,9094253694
2022,China,89427761284
2022,Chipre,101993828
2022,"Cocos (Keeling), Ilhas",20302
2022,Colômbia,5058074609
2022,Comores,8029975
2022,Congo,63737099
2022,"Congo, República Democrática",159534560
2022,"Cook, Ilhas",805683
2022,Coreia do Sul,6205931665
2022,Costa Rica,544675526
2022,Costa do Marfim,170357491
2022,Coveite (Kuweit),300939623
2022,Croácia,109114088
2022,Cuba,289925970
2022,Curaçao,36560114
2022,Dinamarca,478856383
2022,Djibuti,17791162
2022,Dominica,5156755
2022,Egito,2842512911
2022,El Salvador,226134567
2022,Emirados Árabes Unidos,3253697551
2022,Equador,1123099456
2022,Eritreia,98391
2022,Eslováquia,34136678
2022,Eslovênia,515949293
2022,Espanha,9747538076
2022,Estados Unidos,37437814354
2022,Estônia,40589495
2022,Etiópia,28713223
2022,Falkland (Malvinas),160886
2022,"Faroe, Ilhas",112065
2022,Fiji,1821004
2022,Filipinas,1528796976
2022,Finlândia,636444920
2022,França,3486660866
2022,Gabão,42946932
2022,Gana,296357537
2022,Geórgia,328171305
2022,"Geórgia do Sul e Sandwich do Sul, Ilhas",71526
2022,Gibraltar,118548009
2022,Granada,16125748
2022,Groenlândia,39
2022,Grécia,351561324
2022,Guadalupe,10381462
2022,Guam,1156492
2022,Guatemala,564740886
2022,Guernsey,1783
2022,Guiana,262161431
2022,Guiana Francesa,7507046
2022,Guiné,110595092
2022,Guiné Equatorial,21194477
2022,Guiné-Bissau,2148738
2022,Gâmbia,113836106
2022,Haiti,61149236
2022,"Heard e ilhas mcdonald, Ilha",303714
2022,Honduras,214007395
2022,Hong Kong,1339726057
2022,Hungria,50207666
2022,Ilha de Man,28733067
2022,Indonésia,3095480738
2022,Iraque,613363073
2022,Irlanda,298211063
2022,Irã,4285851065
2022,Islândia,271424359
2022,Israel,1883514470
2022,Itália,4891739114
2022,Iêmen,327830114
2022,Jamaica,350356448
2022,Japão,6619791049
2022,Jersey,4557
2022,Jordânia,399921468
2022,Kiribati,416031
2022,Laos,1372211
2022,Lesoto,20434
2022,Letônia,134223601
2022,Libéria,500962933
2022,Liechtenstein,16820722
2022,Lituânia,40631091
2022,Luxemburgo,79299742
2022,Líbano,252618047
2022,Líbia,320013073
2022,Macau,3918490
2022,Macedônia,17536700
2022,Madagascar,48553231
2022,Malavi,3187908
2022,Maldivas,28184435
2022,Mali,4991499
2022,Malta,247389509
2022,Malásia,3841774337
2022,"Marianas do Norte, Ilhas",180
2022,Marrocos,1067756229
2022,"Marshall, Ilhas",423699605
2022,Martinica,11186144
2022,Mauritânia,133455534
2022,Maurício,47057384
2022,Mayotte,11088290
2022,Mianmar,64418806
2022,Micronésia,193603
2022,Moldávia,4291348
2022,Mongólia,1841202
2022,Montenegro,20849121
2022,Montserrat,240509
2022,Moçambique,87018958
2022,México,7050909571
2022,Mônaco,135481
2022,Namíbia,19286219
2022,Nauru,25884
2022,Nepal,7779271
2022,Nicarágua,146017023
2022,Nigéria,875278592
2022,Niue,526168
2022,"Norfolk, Ilha",1960994
2022,Noruega,1356210681
2022,Nova Caledônia,14599743
2022,Nova Zelândia,116952720
2022,Níger,2627944
2022,Omã,1040690852
2022,"Pacífico, Ilhas do (EUA)",318263
2022,Palau,149020
2022,Palestina,30097472
2022,Panamá,854774181
2022,Papua Nova Guiné,2971400
2022,Paquistão,1440918286
2022,Paraguai,3519019653
2022,Países Baixos (Holanda),11927910064
2022,Peru,3480152839
2022,Pitcairn,974130
2022,Polinésia Francesa,8334777
2022,Polônia,1083550654
2022,Porto Rico,205178894
2022,Portugal,4287299907
2022,Quirguistão,328288
2022,Quênia,68591745
2022,Reino Unido,3669494025
2022,República Centro-Africana,37613858
2022,República Dominicana,1043591361
2022,Reunião,5318280
2022,Romênia,400803311
2022,Ruanda,1966214
2022,Rússia,1959195743
2022,Saara Ocidental,78812
2022,"Salomão, Ilhas",137728
2022,Samoa,1540343
2022,Samoa Americana,1588762
2022,San Marino,58307
2022,Santa Helena,9854
2022,Santa Lúcia,2910366
2022,Seicheles,9739326
2022,Senegal,295961578
2022,Serra Leoa,30696191
2022,Singapura,8396198951
2022,Sint Maarten,14363108
2022,Somália,42080433
2022,Sri Lanka,20364599
2022,Suazilândia,27264
2022,Sudão,82998691
2022,Sudão do Sul,4477579
2022,Suriname,43831655
2022,Suécia,790881337
2022,Suíça,1182956461
2022,São Bartolomeu,3224305
2022,São Cristóvão e Névis,4214918
2022,"São Martinho, Ilha de (parte francesa)",528902
2022,São Tomé e Príncipe,3959326
2022,São Vicente e Granadinas,8764794
2022,Sérvia,56712409
2022,Síria,17171270
2022,Tadjiquistão,86539
2022,Tailândia,3524292636
2022,Taiwan (Formosa),1415138409
2022,Tanzânia,34433398
2022,"Tcheca, República",50059162
2022,Terras Austrais Francesas,897213
2022,Território Britânico do Oceano Índico,175
2022,Timor Leste,13769795
2022,Togo,274099630
2022,Tonga,2802907
2022,Toquelau,17463
2022,Trinidad e Tobago,281168966
2022,Tunísia,309163926
2022,"Turcas e Caicos, Ilhas",1928649
2022,Turcomenistão,14692095
2022,Turquia,3550700024
2022,Tuvalu,62572
2022,Ucrânia,89595766
2022,Uganda,12695980
2022,Uruguai,2900349856
2022,Uzbequistão,118602468
2022,Vanuatu,500259
2022,Vaticano,41333
2022,Venezuela,1329070688
2022,Vietnã,3418723756
2022,"Virgens, Ilhas (Americanas)",502583503
2022,"Virgens, Ilhas (Britânicas)",8584882
2022,"Wallis e Futuna, Ilhas",17044
2022,Zimbábue,6430702
2022,Zâmbia,6911309
2022,África do Sul,1724159853
2022,Áustria,109929160
2022,Índia,6301513662
2023,Afeganistão,4025760
2023,"Aland, Ilhas",31892
2023,Albânia,100489235
2023,Alemanha,5646806466
2023,Andorra,72851
2023,Angola,409769293
2023,Anguilla,1182864
2023,Antígua e Barbuda,28494062
2023,Argentina,16712209284
2023,Argélia,2373913302
2023,Armênia,24398447
2023,Aruba,40758505
2023,Arábia Saudita,3203556626
2023,Austrália,712786968
2023,Azerbaijão,27665388
2023,Bahamas,219813510
2023,Bangladesh,2105984306
2023,Barbados,26312465
2023,Barein,1171058995
2023,Belarus,6364113
2023,Belize,14751261
2023,Benin,81608854
2023,Bermudas,3245417
2023,Bolívia,1798535294
2023,"Bonaire, Saint Eustatius e Saba",3435939
2023,Botsuana,2145461
2023,Brasil,389238015
2023,Brunei,631394
2023,Bulgária,315849668
2023,Burkina Faso,4178765
2023,Burundi,304909
2023,Butão,3341419
2023,Bélgica,3432725603
2023,Bósnia-Herzegovina,2732852
2023,Cabo Verde,38926167
2023,Camarões,177749834
2023,Camboja,37197876
2023,Canadá,5772279323
2023,Catar,363982418
2023,"Cayman, Ilhas",9184804
2023,Cazaquistão,49635186
2023,Chade,7737618
2023,Chile,7944784712
2023,China,104324811805
2023,Chipre,237972829
2023,"Cocos (Keeling), Ilhas",184416
2023,Colômbia,3822571869
2023,Comores,8268247
2023,Congo,87670924
2023,"Congo, República Democrática",192587649
2023,"Cook, Ilhas",573051
2023,Coreia do Norte,98191
2023,Coreia do Sul,5640635083
2023,Costa Rica,558322091
2023,Costa do Marfim,221966103
2023,Coveite (Kuweit),268028150
2023,Croácia,69180016
2023,Cuba,220138343
2023,Curaçao,37393183
2023,Dinamarca,540824282
2023,Djibuti,93192824
2023,Dominica,5587092
2023,Egito,2314700830
2023,El Salvador,233816664
2023,Emirados Árabes Unidos,3165705594
2023,Equador,1110177865
2023,Eritreia,55635
2023,Eslováquia,24744773
2023,Eslovênia,364973120
2023,Espanha,7858769806
2023,Estados Unidos,36915459733
2023,Estônia,65605333
2023,Etiópia,23597636
2023,Falkland (Malvinas),226347
2023,"Faroe, Ilhas",54501
2023,Fiji,1218008
2023,Filipinas,1550999933
2023,Finlândia,577733224
2023,França,2932355355
2023,Gabão,51195407
2023,Gana,297101537
2023,Geórgia,410486192
2023,Gibraltar,95079730
2023,Granada,15042331
2023,Groenlândia,52867
2023,Grécia,439314710
2023,Guadalupe,9793073
2023,Guam,1528334
2023,Guatemala,577223652
2023,Guernsey,977
2023,Guiana,327378421
2023,Guiana Francesa,8145903
2023,Guiné,151915400
2023,Guiné Equatorial,20899007
2023,Guiné-Bissau,6461925
2023,Gâmbia,112619173
2023,Haiti,68423422
2023,"Heard e ilhas mcdonald, Ilha",1119497
2023,Honduras,205018329
2023,Hong Kong,1438416299
2023,Hungria,64471223
2023,Ilha de Man,25769535
2023,Indonésia,4110204815
2023,Iraque,1288662425
2023,Irlanda,236383049
2023,Irã,2298109484
2023,Islândia,196629451
2023,Israel,661867476
2023,Itália,4085106804
2023,Iêmen,608447674
2023,Jamaica,227975428
2023,Japão,6620217025
2023,Jersey,71640
2023,Jordânia,402900277
2023,Kiribati,34502
2023,Laos,27896478
2023,Lesoto,84288
2023,Letônia,121137529
2023,Libéria,415863001
2023,Liechtenstein,18560049
2023,Lituânia,53104222
2023,Luxemburgo,73035024
2023,Líbano,330929879
2023,Líbia,450877038
2023,Macau,2811310
2023,Macedônia,22666642
2023,Madagascar,52095364
2023,Malavi,3080472
2023,Maldivas,24860011
2023,Mali,3302141
2023,Malta,119083180
2023,Malásia,4066503324
2023,Marrocos,1238351221
2023,"Marshall, Ilhas",317921829
2023,Martinica,11477525
2023,Mauritânia,233255955
2023,Maurício,80115144
2023,Mayotte,7351476
2023,Mianmar,69654616
2023,Micronésia,176587
2023,Moldávia,2972726
2023,Mongólia,2867232
2023,Montenegro,25773291
2023,Montserrat,220382
2023,Moçambique,29709801
2023,México,8571678431
2023,Mônaco,847460
2023,Namíbia,16091215
2023,Nauru,18351
2023,Nepal,1542194
2023,Nicarágua,173940031
2023,Nigéria,976301409
2023,Niue,140519
2023,"Norfolk, Ilha",294729
2023,Noruega,1372189386
2023,Nova Caledônia,10294012
2023,Nova Zelândia,116617662
2023,Níger,2040913
2023,Omã,1191451418
2023,"Pacífico, Ilhas do (EUA)",678524
2023,Palau,2106224
2023,Palestina,32214955
2023,Panamá,949864982
2023,Papua Nova Guiné,2105716
2023,Paquistão,352370192
2023,Paraguai,3668617673
2023,Países Baixos (Holanda),12148381795
2023,Peru,3196094519
2023,Pitcairn,44843
2023,Polinésia Francesa,4885631
2023,Polônia,1750837816
2023,Porto Rico,233659031
2023,Portugal,3716013615
2023,Quirguistão,1057865
2023,Quênia,126351494
2023,Reino Unido,3317250184
2023,República Centro-Africana,6988372
2023,República Dominicana,1067075215
2023,Reunião,5549117
2023,Romênia,407732885
2023,Ruanda,1559952
2023,Rússia,1343313932
2023,Saara Ocidental,42390
2023,"Salomão, Ilhas",95356
2023,Samoa,1997224
2023,Samoa Americana,1834510
2023,San Marino,51299
2023,Santa Helena,905224
2023,Santa Lúcia,70638174
2023,Seicheles,11448158
2023,Senegal,292408480
2023,Serra Leoa,44613646
2023,Singapura,7459246165
2023,Sint Maarten,13696423
2023,Somália,174602292
2023,Sri Lanka,40142962
2023,Suazilândia,1714
2023,Sudão,38253719
2023,Sudão do Sul,5393613
2023,Suriname,46087412
2023,Suécia,812919908
2023,Suíça,1365845298
2023,Svalbard e Jan Mayen,595
2023,São Bartolomeu,2219522
2023,São Cristóvão e Névis,6127324
2023,"São Martinho, Ilha de (parte francesa)",874608
2023,São Tomé e Príncipe,3720760
2023,São Vicente e Granadinas,5089881
2023,Sérvia,41889961
2023,Síria,15326031
2023,Tadjiquistão,2277225
2023,Tailândia,3349745364
2023,Taiwan (Formosa),1998612835
2023,Tanzânia,73250405
2023,"Tcheca, República",81838153
2023,Terras Austrais Francesas,216040
2023,Território Britânico do Oceano Índico,118976
2023,Timor Leste,16570260
2023,Togo,145476052
2023,Tonga,5316438
2023,Toquelau,27517
2023,Trinidad e Tobago,289304460
2023,Tunísia,379709036
2023,"Turcas e Caicos, Ilhas",2154364
2023,Turcomenistão,889489
2023,Turquia,3381552524
2023,Tuvalu,359
2023,Ucrânia,37755858
2023,Uganda,10280197
2023,Uruguai,3180924402
2023,Uzbequistão,268355982
2023,Vanuatu,480747
2023,Vaticano,121
2023,Venezuela,1152749458
2023,Vietnã,3722437150
2023,"Virgens, Ilhas (Americanas)",302786170
2023,"Virgens, Ilhas (Britânicas)",16518597
2023,"Wallis e Futuna, Ilhas",44955
2023,Zimbábue,10873909
2023,Zâmbia,7114366
2023,África do Sul,1642492859
2023,Áustria,96290130
2023,Índia,4686024342
2024,Afeganistão,3098112
2024,Albânia,100579875
2024,Alemanha,5846881069
2024,Andorra,109669
2024,Angola,492665873
2024,Anguilla,1169940
2024,Antártica,127253
2024,Antígua e Barbuda,36348558
2024,Argentina,13777621257
2024,Argélia,2564947422
2024,Armênia,27687049
2024,Aruba,39321698
2024,Arábia Saudita,3129093991
2024,Austrália,612673154
2024,Azerbaijão,23288232
2024,Bahamas,148088170
2024,Bangladesh,2484035614
2024,Barbados,35834895
2024,Barein,1002883525
2024,Belarus,5586806
2024,Belize,15650051
2024,Benin,90876549
2024,Bermudas,12905949
2024,Bolívia,1334780958
2024,"Bonaire, Saint Eustatius e Saba",4125609
2024,Botsuana,873549
2024,"Bouvet, Ilha",79900
2024,Brasil,575101973
2024,Brunei,3066660
2024,Bulgária,466150409
2024,Burkina Faso,14167425
2024,Burundi,21393
2024,Butão,2773765
2024,Bélgica,3903300872
2024,Bósnia-Herzegovina,1689084
2024,Cabo Verde,45615081
2024,Camarões,278676115
2024,Camboja,26098484
2024,Canadá,6317347891
2024,Catar,452192434
2024,"Cayman, Ilhas",152975989
2024,Cazaquistão,45493602
2024,Chade,9003941
2024,Chile,6657592071
2024,China,94372036594
2024,Chipre,74137630
2024,"Cocos (Keeling), Ilhas",57960
2024,Colômbia,3233805594
2024,Comores,12518472
2024,Congo,120007181
2024,"Congo, República Democrática",191496735
2024,"Cook, Ilhas",4309030
2024,Coreia do Sul,5503085948
2024,Costa Rica,583729097
2024,Costa do Marfim,215194186
2024,Coveite (Kuweit),400458634
2024,Croácia,68079420
2024,Cuba,276825338
2024,Curaçao,48815558
2024,Dinamarca,534757846
2024,Djibuti,67806743
2024,Dominica,5575656
2024,Egito,3978963453
2024,El Salvador,197654117
2024,Emirados Árabes Unidos,4547629479
2024,Equador,971431295
2024,Eritreia,42016
2024,Eslováquia,28649723
2024,Eslovênia,509089490
2024,Espanha,9969843825
2024,Estados Unidos,40368569157
2024,Estônia,91855012
2024,Etiópia,30598555
2024,Falkland (Malvinas),101285
2024,"Faroe, Ilhas",129504
2024,Fiji,1077405
2024,Filipinas,2117609563
2024,Finlândia,471920218
2024,França,2963809374
2024,Gabão,78974522
2024,Gana,336540408
2024,Geórgia,350278669
2024,"Geórgia do Sul e Sandwich do Sul, Ilhas",28192
2024,Gibraltar,4922076
2024,Granada,15081691
2024,Groenlândia,16461
2024,Grécia,382206479
2024,Guadalupe,7494560
2024,Guam,257482
2024,Guatemala,600470912
2024,Guernsey,33332
2024,Guiana,383386104
2024,Guiana Francesa,5961904
2024,Guiné,203326474
2024,Guiné Equatorial,30295914
2024,Guiné-Bissau,6548311
2024,Gâmbia,164826143
2024,Haiti,79724855
2024,"Heard e ilhas mcdonald, Ilha",425146
2024,Honduras,205392707
2024,Hong Kong,1550909075
2024,Hungria,190428082
2024,Ilha de Man,51074612
2024,Indonésia,4463136524
2024,Iraque,1886687622
2024,Irlanda,229464245
2024,Irã,3001780846
2024,Islândia,324384032
2024,Israel,725109169
2024,Itália,4466815244
2024,Iêmen,458601066
2024,Jamaica,221453371
2024,Japão,5577774385
2024,Jersey,14417
2024,Jordânia,540318731
2024,Kiribati,257367
2024,Laos,23796092
2024,Lesoto,20280
2024,Letônia,79537006
2024,Libéria,457913951
2024,Liechtenstein,13525019
2024,Lituânia,39773798
2024,Luxemburgo,45757303
2024,Líbano,445060631
2024,Líbia,654891258
2024,Macau,1926604
2024,Macedônia,14808564
2024,Madagascar,29839829
2024,Malavi,1986404
2024,Maldivas,26230813
2024,Mali,2687986
2024,Malta,151107005
2024,Malásia,4307389245
2024,"Marianas do Norte, Ilhas",395016
2024,Marrocos,1395427690
2024,"Marshall, Ilhas",319585875
2024,Martinica,10872289
2024,Mauritânia,250428805
2024,Maurício,59045366
2024,Mayotte,6461062
2024,Mianmar,19971695
2024,Micronésia,174864
2024,Moldávia,919327
2024,Mongólia,4990192
2024,Montenegro,27588252
2024,Montserrat,296303
2024,Moçambique,37826578
2024,México,7802031715
2024,Mônaco,962803
2024,Namíbia,9780892
2024,Nauru,58724
2024,Nepal,8944161
2024,Nicarágua,130899646
2024,Nigéria,978460015
2024,Niue,40387
2024,"Norfolk, Ilha",999386
2024,Noruega,1430123618
2024,Nova Caledônia,10160598
2024,Nova Zelândia,103728584
2024,Níger,1713292
2024,Omã,1204524552
2024,"Pacífico, Ilhas do (EUA)",1096647
2024,Palau,2268812
2024,Palestina,33885170
2024,Panamá,905114721
2024,Papua Nova Guiné,4545475
2024,Paquistão,672867790
2024,Paraguai,3753061604
2024,Países Baixos (Holanda),11720075021
2024,Peru,2890384587
2024,Pitcairn,60229
2024,Polinésia Francesa,9349004
2024,Polônia,1385628336
2024,Porto Rico,278980113
2024,Portugal,3486765694
2024,Quirguistão,360054
2024,Quênia,93476480
2024,Reino Unido,3085212690
2024,República Centro-Africana,3167783
2024,República Dominicana,1060690419
2024,Reunião,6493117
2024,Romênia,159748526
2024,Ruanda,2884401
2024,Rússia,1450040857
2024,Saara Ocidental,25125
2024,"Salomão, Ilhas",171655
2024,Samoa,3162996
2024,Samoa Americana,873659
2024,San Marino,143676
2024,Santa Lúcia,74195674
2024,Seicheles,11198538
2024,Senegal,378862998
2024,Serra Leoa,62535397
2024,Singapura,7874539509
2024,Sint Maarten,14379360
2024,Somália,154101731
2024,Sri Lanka,42901110
2024,Suazilândia,432729
2024,Sudão,14342317
2024,Sudão do Sul,1852207
2024,Suriname,54588293
2024,Suécia,831663160
2024,Suíça,1320470694
2024,Svalbard e Jan Mayen,5393
2024,São Bartolomeu,2224048
2024,São Cristóvão e Névis,7019170
2024,"São Martinho, Ilha de (parte francesa)",1069192
2024,São Pedro e Miquelon,190
2024,São Tomé e Príncipe,4567620
2024,São Vicente e Granadinas,5150365
2024,Sérvia,43571493
2024,Síria,68496444
2024,Tadjiquistão,113847
2024,Tailândia,3471093169
2024,Taiwan (Formosa),1807558371
2024,Tanzânia,49378856
2024,"Tcheca, República",47182555
2024,Terras Austrais Francesas,633069
2024,Timor Leste,21833839
2024,Togo,446222103
2024,Tonga,5045326
2024,Toquelau,750977
2024,Trinidad e Tobago,351540553
2024,Tunísia,400292191
2024,"Turcas e Caicos, Ilhas",1954512
2024,Turcomenistão,4182370
2024,Turquia,3837262135
2024,Ucrânia,50505013
2024,Uganda,9633802
2024,Uruguai,2707695213
2024,Uzbequistão,176928354
2024,Vanuatu,1798940
2024,Vaticano,405974
2024,Venezuela,1196602102
2024,Vietnã,4057771834
2024,"Virgens, Ilhas (Americanas)",307627890
2024,"Virgens, Ilhas (Britânicas)",4710560
2024,"Wallis e Futuna, Ilhas",126275
2024,Zimbábue,6382760
2024,Zâmbia,7919243
2024,África do Sul,1379368365
2024,Áustria,80281521
2024,Índia,5273320104
